Date,Open,High,Low,Close
31-Dec-11,15534.67,15542.85,15358.02,15517.92
2-Jan-12,15534.67,15542.85,15358.02,15517.92
3-Jan-12,15640.56,15970.31,15640.56,15939.36
4-Jan-12,15967.49,16004.69,15822.32,15882.64
5-Jan-12,15893.07,15980.17,15809.31,15857.08
6-Jan-12,15789.08,16001.31,15664.91,15867.73
7-Jan-12,15893.3,15900.3,15835.29,15848.8
9-Jan-12,15840.22,15871.51,15678.3,15814.72
10-Jan-12,15898.32,16180.97,15898.32,16165.09
11-Jan-12,16222.37,16244.7,16127.77,16175.86
12-Jan-12,16117.19,16178.58,15962.59,16037.51
13-Jan-12,16144.57,16257.34,16049.78,16154.62
16-Jan-12,16086.74,16214.36,16037.6,16189.36
17-Jan-12,16270.87,16501.38,16270.87,16466.05
18-Jan-12,16502.42,16517.96,16384.48,16451.47
19-Jan-12,16573.87,16662.06,16572.1,16643.74
20-Jan-12,16745.01,16788.48,16611.71,16739.01
23-Jan-12,16667.02,16784,16659.32,16751.73
24-Jan-12,16806.72,17050.32,16770.01,16995.77
25-Jan-12,17068.85,17130.24,17016.69,17077.18
27-Jan-12,17201.33,17258.97,17106.57,17233.98
30-Jan-12,17138.04,17138.04,16828.33,16863.3
31-Jan-12,16965.58,17238.99,16965.58,17193.55
1-Feb-12,17179.64,17327.21,17061.55,17300.58
2-Feb-12,17438.07,17504.25,17308.28,17431.85
3-Feb-12,17444.25,17630.53,17382.7,17604.96
6-Feb-12,17741.91,17829.72,17595.1,17707.31
7-Feb-12,17813.74,17832.04,17582.49,17622.45
8-Feb-12,17631.69,17809.21,17579.59,17707.32
9-Feb-12,17647.8,17879.46,17609.43,17830.75
10-Feb-12,17817.59,17890.11,17627.14,17748.69
13-Feb-12,17761.7,17849.64,17665.89,17772.84
14-Feb-12,17767.46,17890.33,17742.58,17848.57
15-Feb-12,18000.3,18231.35,18000.3,18202.41
16-Feb-12,18163.05,18182.78,18043.32,18153.99
17-Feb-12,18331.2,18423.06,18234.56,18289.35
21-Feb-12,18303.73,18470.86,18293.8,18428.61
22-Feb-12,18490.87,18523.78,18095.81,18145.25
23-Feb-12,18127.35,18249.53,18005.28,18078.5
24-Feb-12,18079.01,18198.15,17848.93,17923.57
27-Feb-12,17975.19,17975.19,17381.64,17445.75
28-Feb-12,17545.11,17776.82,17530.44,17731.12
29-Feb-12,17919.93,18001.35,17677.97,17752.68
1-Mar-12,17714.62,17717.53,17463.27,17583.97
2-Mar-12,17661.39,17731.88,17504.38,17636.8
3-Mar-12,17648.47,17676.83,17617.88,17636.99
5-Mar-12,17598.42,17598.42,17312.3,17362.87
6-Mar-12,17336.64,17691.96,17128.28,17173.29
7-Mar-12,17127.18,17239.35,17008.77,17145.52
9-Mar-12,17325.82,17531.62,17325.82,17503.24
12-Mar-12,17772.1,17772.1,17494.65,17587.67
13-Mar-12,17680.23,17842.92,17680.23,17813.62
14-Mar-12,18003.15,18040.69,17837.22,17919.3
15-Mar-12,17916.85,17918.25,17622.13,17675.85
16-Mar-12,17656.81,17871,17426.58,17466.2
19-Mar-12,17531.47,17561.46,17226.43,17273.37
20-Mar-12,17308.89,17410.13,17211.73,17316.18
21-Mar-12,17301.16,17622.87,17275.88,17601.71
22-Mar-12,17586.06,17687.01,17136.5,17196.47
23-Mar-12,17257.72,17458.35,17179.33,17361.74
26-Mar-12,17377.59,17377.59,17021.85,17052.78
27-Mar-12,17209.13,17366.84,17061.16,17257.36
28-Mar-12,17234.48,17245.82,17040.12,17121.62
29-Mar-12,17039.85,17109.35,16920.61,17058.61
30-Mar-12,17117.41,17439.51,17105.22,17404.2
2-Apr-12,17429.96,17529.98,17382.38,17478.15
3-Apr-12,17576.21,17664.1,17570.01,17597.42
4-Apr-12,17553.26,17553.26,17436.6,17486.02
9-Apr-12,17407.66,17407.66,17199.63,17222.14
10-Apr-12,17259.26,17274.69,17135.76,17243.84
11-Apr-12,17125.96,17319.15,17075.89,17199.4
12-Apr-12,17276.87,17395.15,17276.87,17332.62
13-Apr-12,17232.56,17398.22,17027.3,17094.51
16-Apr-12,17047.87,17173.06,17010.16,17150.95
17-Apr-12,17200.97,17381.92,17103.36,17357.94
18-Apr-12,17447.26,17522.8,17371.93,17392.39
19-Apr-12,17432.89,17530.3,17361.71,17503.71
20-Apr-12,17459.72,17519.88,17231.34,17373.84
23-Apr-12,17347.76,17444.18,17056.77,17096.68
24-Apr-12,17154.75,17247.53,17046.72,17207.29
25-Apr-12,17225.54,17249.61,17019.24,17151.29
26-Apr-12,17191.02,17193.25,17084.05,17130.67
27-Apr-12,17145.39,17242.15,17022.09,17134.25
28-Apr-12,17134.19,17212.36,17125.88,17187.34
30-Apr-12,17195.51,17359.18,17195.51,17318.81
2-May-12,17370.93,17432.33,17265.48,17301.91
3-May-12,17271.77,17271.77,17120.86,17151.19
4-May-12,17066.84,17121.37,16776.72,16831.08
7-May-12,16620.44,16944.13,16513.77,16912.71
8-May-12,16915.71,16918.31,16502.91,16546.18
9-May-12,16436.41,16615.74,16422.93,16479.58
10-May-12,16515.62,16671.81,16377.02,16420.05
11-May-12,16355.59,16447.24,16233.76,16292.98
14-May-12,16318.36,16390.33,16124.82,16215.84
15-May-12,16146.9,16370.12,16123.04,16328.25
16-May-12,16132.68,16132.68,15974.6,16030.09
17-May-12,16119.08,16240.18,16007.92,16070.48
18-May-12,15868.07,16206.35,15809.71,16152.75
21-May-12,16187.66,16298.39,16149.61,16183.26
22-May-12,16344.34,16366.72,16000.84,16026.41
23-May-12,15995.14,16002.03,15847.03,15948.1
24-May-12,16033.9,16252.37,15934.77,16222.3
25-May-12,16213.24,16273.48,16118.35,16217.82
28-May-12,16289.82,16439.97,16273.49,16416.84
29-May-12,16500.04,16544.38,16410.21,16438.58
30-May-12,16391.9,16428.74,16295.31,16312.15
31-May-12,16224.86,16277.48,16086.06,16218.53
1-Jun-12,16217.48,16226.19,15933.48,15965.16
4-Jun-12,15808.88,16012.84,15748.98,15988.4
5-Jun-12,16065.37,16138.29,15979.77,16020.64
6-Jun-12,16100.36,16494.5,16100.36,16454.3
7-Jun-12,16578.01,16680.59,16519.89,16649.05
8-Jun-12,16611.52,16767.77,16485.02,16718.87
11-Jun-12,16804.89,16893.81,16627.48,16668.01
12-Jun-12,16570.51,16897.42,16553.47,16862.8
13-Jun-12,16865.72,16944.11,16792.87,16880.51
14-Jun-12,16857.23,16921.49,16658.98,16677.88
15-Jun-12,16701.28,16967.76,16701.28,16949.83
18-Jun-12,17039.54,17109.95,16636.09,16705.83
19-Jun-12,16681.89,16890,16681.89,16859.8
20-Jun-12,16903.96,16962.49,16840.1,16896.63
21-Jun-12,16855.6,17050.44,16799.63,17032.56
22-Jun-12,16882.74,17016.06,16807.8,16972.51
25-Jun-12,17038.77,17131.15,16853.05,16882.16
26-Jun-12,16873.09,16946.66,16815.87,16906.58
27-Jun-12,16975.76,17029.27,16930.8,16967.76
28-Jun-12,16985.58,17033.85,16918.87,16990.76
29-Jun-12,17134.61,17448.48,17134.61,17429.98
2-Jul-12,17438.68,17486.57,17363.04,17398.98
3-Jul-12,17457.95,17526.82,17351.5,17425.71
4-Jul-12,17473.26,17523.77,17372.45,17462.81
5-Jul-12,17478.16,17562.89,17423.45,17538.67
6-Jul-12,17546.04,17554.55,17425.47,17521.12
9-Jul-12,17449.93,17485.79,17343.55,17391.98
10-Jul-12,17431.68,17631.19,17424.29,17618.35
11-Jul-12,17553.97,17582.99,17466.99,17489.14
12-Jul-12,17297.06,17329.46,17181.17,17232.55
13-Jul-12,17269.2,17342.88,17182.29,17213.7
16-Jul-12,17241.98,17282.3,17079.63,17103.31
17-Jul-12,17176.93,17236.08,17074.63,17105.3
18-Jul-12,17113.37,17205.26,17038.59,17185.01
19-Jul-12,17288.34,17318.93,17244.76,17278.85
20-Jul-12,17275.2,17275.2,17129.69,17158.44
23-Jul-12,17047.73,17047.73,16849.28,16877.35
24-Jul-12,16907.74,16962.74,16839.7,16918.08
25-Jul-12,16899.01,16899.01,16736.6,16846.05
26-Jul-12,16887.84,16899.77,16598.48,16639.82
27-Jul-12,16860.16,16975.03,16760.72,16839.19
30-Jul-12,16919.14,17163.95,16919.14,17143.68
31-Jul-12,17186.61,17253.67,17004.09,17236.18
1-Aug-12,17244.44,17291.99,17189.16,17257.38
2-Aug-12,17245.68,17246.01,17157.28,17224.36
3-Aug-12,17164.48,17208.36,17026.97,17197.93
6-Aug-12,17313.05,17451.53,17313.05,17412.96
7-Aug-12,17456.37,17641.55,17417.92,17601.78
8-Aug-12,17638.53,17726.64,17582.66,17600.56
9-Aug-12,17612.08,17702.98,17516.99,17560.87
10-Aug-12,17515.42,17590.61,17471.37,17557.74
13-Aug-12,17551.69,17642.38,17522.1,17633.45
14-Aug-12,17631.64,17753.43,17572.34,17728.2
16-Aug-12,17752.22,17763.59,17640.62,17657.21
17-Aug-12,17701.2,17801.39,17622.62,17691.08
21-Aug-12,17705.14,17898.35,17705.14,17885.26
22-Aug-12,17827.25,17912.08,17800.29,17846.86
23-Aug-12,17856.29,17972.54,17792.87,17850.22
24-Aug-12,17790.25,17822.5,17725.42,17783.21
27-Aug-12,17769.44,17820.07,17662.21,17678.81
28-Aug-12,17676.13,17712.35,17570.71,17631.71
29-Aug-12,17651.14,17653.9,17471.13,17490.81
30-Aug-12,17433.5,17605.51,17367.55,17541.64
31-Aug-12,17557.62,17557.62,17337.61,17429.56
3-Sep-12,17465.6,17509.99,17349.57,17384.4
4-Sep-12,17378.68,17452.7,17308.27,17440.87
5-Sep-12,17359.96,17411.67,17250.8,17313.34
6-Sep-12,17320.73,17418.4,17294.74,17346.27
7-Sep-12,17575.79,17701.2,17575.79,17683.73
8-Sep-12,17701.07,17773.15,17694.83,17749.65
10-Sep-12,17780.93,17810.9,17728.12,17766.78
11-Sep-12,17711.8,17867.85,17677.38,17852.95
12-Sep-12,17916.13,18012.89,17884.96,18000.03
13-Sep-12,18023.95,18062.68,17976.28,18021.16
14-Sep-12,18284.75,18498.54,18284.75,18464.27
17-Sep-12,18619.9,18715.03,18480.54,18542.31
18-Sep-12,18514.72,18580.48,18469.51,18496.01
20-Sep-12,18292.22,18443.92,18291.93,18349.25
21-Sep-12,18411.2,18866.87,18411.2,18752.83
24-Sep-12,18756.31,18811.13,18650.43,18673.34
25-Sep-12,18708.01,18790.01,18636.16,18694.41
26-Sep-12,18644.54,18670.48,18573.18,18632.17
27-Sep-12,18659.75,18735.95,18552.68,18579.5
28-Sep-12,18704.98,18869.94,18698.51,18762.74
1-Oct-12,18784.64,18838.54,18745.28,18823.91
3-Oct-12,18841.49,18905.62,18816.57,18869.69
4-Oct-12,18939.75,19107.04,18939.75,19058.15
5-Oct-12,19115.89,19137.29,18757.34,18938.46
8-Oct-12,18969.19,18969.19,18684.4,18708.98
9-Oct-12,18796.25,18885.84,18722.05,18793.36
10-Oct-12,18699.19,18740.63,18614.37,18631.1
11-Oct-12,18627.37,18847.81,18581.49,18804.75
12-Oct-12,18727.1,18844.35,18638.34,18675.18
15-Oct-12,18690.99,18726.38,18596.65,18713.55
16-Oct-12,18784.75,18801.1,18549.28,18577.7
17-Oct-12,18667.72,18705.19,18535.37,18610.77
18-Oct-12,18653.6,18806.56,18576.41,18791.93
19-Oct-12,18768,18769.59,18611.76,18682.31
22-Oct-12,18655.93,18809.28,18600.88,18793.44
23-Oct-12,18803.62,18812.93,18689.38,18710.02
25-Oct-12,18712.41,18789.92,18699.07,18758.63
26-Oct-12,18715.35,18729.53,18558.05,18625.34
29-Oct-12,18656,18743.41,18572.02,18635.82
30-Oct-12,18642.01,18718.28,18393.42,18430.85
31-Oct-12,18436.79,18521.62,18398.48,18505.38
1-Nov-12,18487.9,18589.13,18445.18,18561.7
2-Nov-12,18692.15,18793.75,18687.93,18755.45
5-Nov-12,18749.37,18794.63,18683.25,18762.87
6-Nov-12,18739.97,18829.07,18726.94,18817.38
7-Nov-12,18802.82,18973.43,18786.14,18902.41
8-Nov-12,18779.74,18865.21,18736.45,18846.26
9-Nov-12,18832.75,18894.42,18656.41,18683.68
12-Nov-12,18691.02,18750.92,18607.66,18670.34
13-Nov-12,18728.95,18732.71,18592.21,18618.87
15-Nov-12,18590.07,18593.54,18408.69,18471.37
16-Nov-12,18491.49,18563.32,18266.76,18309.37
19-Nov-12,18349.53,18386.78,18256.07,18339
20-Nov-12,18422.69,18467.91,18255.69,18329.32
21-Nov-12,18379.9,18478.5,18309.81,18460.38
22-Nov-12,18510.94,18567.68,18456.2,18517.34
23-Nov-12,18543.95,18556.5,18402.38,18506.57
26-Nov-12,18574.36,18590.33,18508.79,18537.01
27-Nov-12,18616.55,18862.7,18616.55,18842.08
29-Nov-12,18873.63,19205.33,18873.63,19170.91
30-Nov-12,19229.7,19372.7,19186.3,19339.9
3-Dec-12,19342.83,19416.45,19257.3,19305.32
4-Dec-12,19277.58,19373.94,19263.71,19348.12
5-Dec-12,19397.98,19463.25,19371.01,19391.86
6-Dec-12,19475.09,19523.25,19186.24,19486.8
7-Dec-12,19514.88,19561.87,19363.13,19424.1
10-Dec-12,19442.19,19478.01,19362.32,19409.69
11-Dec-12,19466.29,19612.18,19285.29,19387.14
12-Dec-12,19432.54,19478.79,19317.23,19355.26
13-Dec-12,19403.66,19421.72,19196.75,19229.26
14-Dec-12,19217.96,19348.85,19193.11,19317.25
17-Dec-12,19290.92,19346.78,19221.87,19244.42
18-Dec-12,19293.01,19396.28,19149.03,19364.75
19-Dec-12,19429.91,19516.02,19419.76,19476
20-Dec-12,19511.41,19520.51,19335.72,19453.92
21-Dec-12,19394.55,19394.55,19221.12,19242
24-Dec-12,19278,19347.64,19237.26,19255.09
26-Dec-12,19302.47,19468.4,19274.07,19417.46
27-Dec-12,19479.84,19504.4,19302.21,19323.8
28-Dec-12,19364.08,19465.74,19346.07,19444.84
31-Dec-12,19422.59,19491.58,19406.17,19426.71
1-Jan-13,19513.45,19623.76,19508.93,19580.81
2-Jan-13,19693.3,19756.68,19686.5,19714.24
3-Jan-13,19771.03,19786.3,19693.29,19764.78
4-Jan-13,19782.59,19797.44,19679.99,19784.08
7-Jan-13,19820.56,19856.43,19654.46,19691.42
8-Jan-13,19681.38,19761.78,19632.59,19742.52
9-Jan-13,19770.21,19824.06,19627.16,19666.59
10-Jan-13,19728.02,19783.75,19596.38,19663.55
11-Jan-13,19813.64,19839.8,19619.83,19663.64
14-Jan-13,19689.09,19948.63,19689.09,19906.41
15-Jan-13,19999.82,20036.82,19881.78,19986.82
16-Jan-13,19978.19,20009.36,19783.02,19817.63
17-Jan-13,19846.42,20005.98,19783.41,19964.03
18-Jan-13,20038.67,20126.55,19990.62,20039.04
21-Jan-13,20132.83,20163.38,20056.46,20101.82
22-Jan-13,20102.43,20156.86,19952.91,19981.57
23-Jan-13,19997.04,20058.07,19920.91,20026.61
24-Jan-13,20017.2,20072.28,19884.2,19923.78
25-Jan-13,19945.69,20129.01,19928.11,20103.53
28-Jan-13,20129,20172.45,20062.79,20103.35
29-Jan-13,20080.31,20203.66,19970.05,19990.9
30-Jan-13,20014.8,20073.46,19964.64,20005
31-Jan-13,19987.28,20008.83,19865.72,19894.98
1-Feb-13,19907.21,19966.69,19736.45,19781.19
4-Feb-13,19860.97,19902.6,19728.21,19751.19
5-Feb-13,19665.54,19717.26,19631.97,19659.82
6-Feb-13,19737.77,19767.25,19611.27,19639.72
7-Feb-13,19589.44,19702.56,19540.08,19580.32
8-Feb-13,19577.19,19648.07,19414.8,19484.77
11-Feb-13,19517.59,19543.44,19416.94,19460.57
12-Feb-13,19489.87,19583.53,19438.53,19561.04
13-Feb-13,19601.69,19723.01,19574.15,19608.08
14-Feb-13,19626.81,19639.83,19444.33,19497.18
15-Feb-13,19449.83,19512.89,19381.82,19468.15
18-Feb-13,19496.25,19554.48,19462.92,19501.08
19-Feb-13,19523.7,19671.17,19457.21,19635.72
20-Feb-13,19717.94,19742.42,19619.89,19642.75
21-Feb-13,19549.05,19554.65,19289.7,19325.36
22-Feb-13,19341.9,19401.75,19289.83,19317.01
25-Feb-13,19365.33,19411.18,19237.98,19331.69
26-Feb-13,19290.66,19293.49,18976.94,19015.14
27-Feb-13,19090.32,19213.02,18997.82,19152.41
28-Feb-13,19264.8,19322.28,18793.97,18861.54
1-Mar-13,18876.68,18988.97,18820.9,18918.52
4-Mar-13,18920.9,18930.86,18760.41,18877.96
5-Mar-13,18943.62,19164.04,18943.62,19143.17
6-Mar-13,19254.2,19293.39,19195.47,19252.61
7-Mar-13,19222.05,19465.52,19212.92,19413.54
8-Mar-13,19478.67,19706.03,19477.61,19683.23
11-Mar-13,19679.88,19754.66,19602.71,19646.21
12-Mar-13,19675.81,19697.84,19505.75,19564.92
13-Mar-13,19511.97,19511.97,19338.52,19362.55
14-Mar-13,19367.26,19604.7,19179.33,19570.44
15-Mar-13,19570.01,19673.16,19383.13,19427.56
18-Mar-13,19282.63,19345.42,19232.23,19293.2
19-Mar-13,19345.91,19378.61,18939.47,19008.1
20-Mar-13,19026.46,19028.09,18836.77,18884.19
21-Mar-13,18926.21,19082.29,18756.65,18792.87
22-Mar-13,18784.93,18859.82,18669.2,18735.6
25-Mar-13,18894.13,18950.22,18654.61,18681.42
26-Mar-13,18645.09,18758.88,18612.37,18704.53
28-Mar-13,18702.46,18882.54,18568.43,18835.77
1-Apr-13,18890.81,18959.48,18796.6,18864.75
2-Apr-13,18863.82,19060.51,18826.53,19040.95
3-Apr-13,19034,19035.2,18721.72,18801.64
4-Apr-13,18731.38,18733.62,18473.85,18509.7
5-Apr-13,18493.67,18525.45,18389.29,18450.23
8-Apr-13,18455.8,18504.48,18402.93,18437.78
9-Apr-13,18481.47,18565.56,18206.61,18226.48
10-Apr-13,18355.14,18461.44,18173.31,18414.45
11-Apr-13,18577.52,18599.14,18397.94,18542.2
12-Apr-13,18275.66,18337.91,18186.1,18242.56
15-Apr-13,18196.09,18424.4,18144.22,18357.8
16-Apr-13,18356.32,18771.33,18325.73,18744.93
17-Apr-13,18773.45,18869.88,18673.44,18731.16
18-Apr-13,18695.34,19058.8,18691.61,19016.46
22-Apr-13,18989.78,19204.9,18989.78,19169.83
23-Apr-13,19210.26,19210.26,19042.08,19179.36
25-Apr-13,19192.11,19434.85,19192.11,19406.85
26-Apr-13,19376,19384.95,19249.75,19286.72
29-Apr-13,19306.67,19428.94,19284.4,19387.5
30-Apr-13,19492.83,19622.68,19317.38,19504.18
2-May-13,19459.33,19792,19451.26,19735.77
3-May-13,19707.95,19744.85,19542.63,19575.64
6-May-13,19571.66,19694.29,19554.31,19673.64
7-May-13,19697.33,19917.88,19697.33,19888.95
8-May-13,19950.22,20037.27,19851.22,19990.18
9-May-13,20015.86,20058.48,19903.83,19939.04
10-May-13,19911.08,20119.14,19908.8,20082.62
11-May-13,20091.93,20146.83,20055.18,20122.32
13-May-13,20073.41,20109.08,19667.39,19691.67
14-May-13,19715.8,19831.79,19652.69,19722.29
15-May-13,19798.18,20241.96,19798.18,20212.96
16-May-13,20167.93,20326.48,20162.12,20247.33
17-May-13,20267.6,20328.19,20155.01,20286.12
20-May-13,20277.76,20443.62,20186.66,20223.98
21-May-13,20227.17,20308.04,20072.68,20111.61
22-May-13,20150.69,20220.35,20000.86,20062.24
23-May-13,19971.37,20027.56,19634.79,19674.33
24-May-13,19765.32,19833.14,19568.49,19704.33
27-May-13,19750.67,20083.47,19678.31,20030.77
28-May-13,20056.28,20209.82,19963.23,20160.82
29-May-13,20202.51,20216.49,20044.74,20147.64
30-May-13,20066.94,20254.03,20066.14,20215.4
31-May-13,20186.67,20191.29,19730.55,19760.3
3-Jun-13,19859.22,19860.19,19541.97,19610.48
4-Jun-13,19605.68,19742.7,19522.47,19545.78
5-Jun-13,19532.42,19604.43,19441.35,19568.22
6-Jun-13,19503.68,19635.37,19395.32,19519.49
7-Jun-13,19522.31,19711.55,19397.51,19429.23
10-Jun-13,19530.35,19585.75,19366.82,19441.07
11-Jun-13,19382.22,19418.74,19121.18,19143
12-Jun-13,19103.96,19143.24,18969.08,19041.13
13-Jun-13,18897.49,18914.13,18765.53,18827.16
14-Jun-13,18959.83,19213.1,18952.09,19177.93
17-Jun-13,19249.9,19344.28,19084.68,19325.87
18-Jun-13,19329.17,19383.61,19191.37,19223.28
19-Jun-13,19224.09,19274.26,19100.13,19245.7
20-Jun-13,19069.2,19069.2,18687.19,18719.29
21-Jun-13,18695.8,18820.81,18615.14,18774.24
24-Jun-13,18714.06,18714.06,18467.16,18540.89
25-Jun-13,18602.25,18802.31,18487.3,18629.15
26-Jun-13,18662.37,18690.5,18514.35,18552.12
27-Jun-13,18716.11,18925.75,18688.28,18875.95
28-Jun-13,19093.18,19432.94,19093.18,19395.81
1-Jul-13,19352.48,19598.43,19347.57,19577.39
2-Jul-13,19573.93,19589.14,19442.75,19463.82
3-Jul-13,19347.11,19347.11,19147.31,19177.76
4-Jul-13,19256.12,19445.02,19245.01,19410.84
5-Jul-13,19568.79,19640.27,19477.74,19495.82
8-Jul-13,19418.98,19422.69,19185.92,19324.77
9-Jul-13,19399.37,19486,19380.25,19439.48
10-Jul-13,19482.66,19505.93,19237.91,19294.12
11-Jul-13,19468.46,19723.51,19468.46,19676.06
12-Jul-13,19898.69,19991.94,19785.59,19958.47
15-Jul-13,19926.1,20072.44,19883.19,20034.48
16-Jul-13,19788.09,19890.63,19649.58,19851.23
17-Jul-13,19928.95,19983.22,19778.54,19948.73
18-Jul-13,19999.51,20176.9,19956.2,20128.41
19-Jul-13,20213.45,20256.6,20111.13,20149.85
22-Jul-13,20096.71,20264.9,20065.69,20159.12
23-Jul-13,20249.98,20351.06,20249.98,20302.13
24-Jul-13,20200.2,20252.7,19994.25,20090.68
25-Jul-13,20062,20110.81,19763.9,19804.76
26-Jul-13,19892.47,19907.45,19699.76,19748.19
29-Jul-13,19714.42,19751.03,19570.87,19593.28
30-Jul-13,19577.75,19672.72,19328.54,19348.34
31-Jul-13,19304.07,19387.5,19126.82,19345.7
1-Aug-13,19443.29,19569.2,19170.46,19317.19
2-Aug-13,19399.55,19451.7,19078.72,19164.02
5-Aug-13,19178.06,19306.51,19141.68,19182.26
6-Aug-13,19127.1,19131.92,18667.3,18733.04
7-Aug-13,18758.53,18811.46,18551.35,18664.88
8-Aug-13,18687.3,18829.26,18621.67,18789.34
12-Aug-13,18898.94,19066.97,18796.01,18946.98
13-Aug-13,18895.26,19248.11,18864.81,19229.84
14-Aug-13,19299.42,19392.56,19203.63,19367.59
16-Aug-13,19297.11,19310.95,18559.65,18598.18
19-Aug-13,18587.38,18587.38,18139.15,18307.52
20-Aug-13,18142.83,18306.46,17970.98,18246.04
21-Aug-13,18545.44,18567.7,17807.19,17905.91
22-Aug-13,17896.84,18349.82,17759.59,18312.94
23-Aug-13,18386.53,18546.6,18210.75,18519.44
26-Aug-13,18602.56,18728.19,18488.93,18558.13
27-Aug-13,18460.72,18460.72,17921.82,17968.08
28-Aug-13,17851.44,18101.84,17448.71,17996.15
29-Aug-13,18073.66,18455.66,18071.22,18401.04
30-Aug-13,18424.72,18679.26,18272.76,18619.72
2-Sep-13,18691.83,18942.06,18678.93,18886.13
3-Sep-13,19002.77,19007.31,18166.17,18234.66
4-Sep-13,18314.68,18612.6,18188.43,18567.55
5-Sep-13,18857.6,19117.52,18847.02,18979.76
6-Sep-13,19072.02,19293.96,18929.38,19270.06
10-Sep-13,19448.39,20012.69,19444.66,19997.09
11-Sep-13,19999.77,20055.53,19777.63,19997.45
12-Sep-13,20046.05,20052.05,19676.49,19781.88
13-Sep-13,19744.54,19899.37,19675.68,19732.76
16-Sep-13,19977.38,20086.43,19596.15,19742.47
17-Sep-13,19721.9,19819.1,19635.44,19804.03
18-Sep-13,19865.99,20013.33,19775.29,19962.16
19-Sep-13,20354.73,20739.69,20347.3,20646.64
20-Sep-13,20616.35,20677.99,20051.43,20263.71
23-Sep-13,20060.82,20199.81,19826.3,19900.96
24-Sep-13,19820.03,20050.42,19782.78,19920.21
25-Sep-13,19947.43,19978.49,19658.74,19856.24
26-Sep-13,19853.66,19997.28,19826.99,19893.85
27-Sep-13,19951.73,19981.57,19674.38,19727.27
30-Sep-13,19643.89,19651.31,19320.73,19379.77
1-Oct-13,19452.05,19532.91,19264.72,19517.15
3-Oct-13,19585.79,19929.24,19583.97,19902.07
4-Oct-13,19870,20052,19833.17,19915.95
7-Oct-13,19880.94,19921.38,19647.88,19895.1
8-Oct-13,20094.21,20150.27,19936.72,19983.61
9-Oct-13,19918.2,20277.74,19826.96,20249.26
10-Oct-13,20228.76,20323.77,20135.91,20272.91
11-Oct-13,20535.9,20559.69,20368.06,20528.59
14-Oct-13,20534.61,20645.94,20497.88,20607.54
15-Oct-13,20722.9,20759.58,20446.73,20547.62
17-Oct-13,20579.56,20629.8,20375.42,20415.51
18-Oct-13,20486.78,20932.23,20486.78,20882.89
21-Oct-13,20915.76,20970.92,20768.99,20893.89
22-Oct-13,20863.15,20948.91,20810.25,20864.97
23-Oct-13,20875.31,20922.32,20589.72,20767.88
24-Oct-13,20766.05,21039.42,20656.7,20725.43
25-Oct-13,20725.52,20782.16,20622.55,20683.52
28-Oct-13,20696.51,20771.36,20550.64,20570.28
29-Oct-13,20593.49,20952.55,20493.66,20929.01
30-Oct-13,20944.14,21086.59,20937.12,21033.97
31-Oct-13,21000.6,21205.44,20991.98,21164.52
1-Nov-13,21158.81,21293.88,21141.32,21196.81
3-Nov-13,21278.08,21321.53,21212.31,21239.36
5-Nov-13,21134.1,21158.56,20951.71,20974.79
6-Nov-13,21004.54,21045.38,20861.42,20894.94
7-Nov-13,20896.13,21142.85,20797.06,20822.77
8-Nov-13,20785.2,20821.01,20600.9,20666.15
11-Nov-13,20596.4,20672.53,20453.15,20490.96
12-Nov-13,20510.31,20584.22,20262.22,20281.91
13-Nov-13,20248.52,20365.59,20161.64,20194.4
14-Nov-13,20351.39,20568.99,20348.27,20399.42
18-Nov-13,20570.59,20868.76,20570.59,20850.74
19-Nov-13,20870.16,20934.4,20828.69,20890.82
20-Nov-13,20857.01,20895.3,20579.94,20635.13
21-Nov-13,20579.26,20579.26,20189.23,20229.05
22-Nov-13,20316.58,20388.12,20137.67,20217.39
25-Nov-13,20326.66,20626.15,20326.66,20605.08
26-Nov-13,20604.27,20604.27,20390.62,20425.02
27-Nov-13,20449,20482.67,20348.06,20420.26
28-Nov-13,20522.36,20606.38,20461.51,20534.91
29-Nov-13,20558.93,20819.77,20558.93,20791.93
2-Dec-13,20771.27,20941,20770.51,20898.01
3-Dec-13,20857.85,20927.05,20817.75,20854.92
4-Dec-13,20839.45,20863.37,20673.62,20708.71
5-Dec-13,20992.25,21165.6,20929.2,20957.81
6-Dec-13,20955.74,21049.84,20922.45,20996.53
9-Dec-13,21416.67,21483.74,21282.64,21326.42
10-Dec-13,21293.58,21327.75,21175.08,21255.26
11-Dec-13,21191.27,21215.94,21069.45,21171.41
12-Dec-13,21101.05,21103.8,20901.47,20925.61
13-Dec-13,20867.17,20867.17,20692.67,20715.58
16-Dec-13,20714.26,20764.52,20637.77,20659.52
17-Dec-13,20732.44,20784.03,20594.99,20612.14
18-Dec-13,20568.7,20917.57,20568.7,20859.86
19-Dec-13,20959.8,21017.45,20646.03,20708.62
20-Dec-13,20792.37,21117.99,20745.94,21079.72
23-Dec-13,21080.54,21207.89,21059.12,21101.03
24-Dec-13,21127.66,21156.92,21010.65,21032.71
26-Dec-13,21051,21135.85,21013.14,21074.59
27-Dec-13,21114.49,21235.14,21113.25,21193.58
30-Dec-13,21260.15,21304.7,21089.21,21143.01
31-Dec-13,21177.77,21230.88,21122.68,21170.68
1-Jan-14,21222.19,21244.35,21133.82,21140.48
2-Jan-14,21179.91,21331.32,20846.67,20888.33
3-Jan-14,20819.58,20885.18,20731.33,20851.33
6-Jan-14,20913.79,20913.79,20721.98,20787.3
7-Jan-14,20845.77,20890.48,20637.18,20693.24
8-Jan-14,20767.42,20786.41,20688.18,20729.38
9-Jan-14,20755.73,20778.13,20652.69,20713.37
10-Jan-14,20760.72,20971.23,20625.17,20758.49
13-Jan-14,20850.54,21169.08,20850.54,21134.21
14-Jan-14,21115,21154.76,21009.05,21032.88
15-Jan-14,21091.46,21302.73,21091.46,21289.49
16-Jan-14,21366.91,21379.29,21199.65,21265.18
17-Jan-14,21236.65,21270.11,21015.61,21063.62
20-Jan-14,21083.53,21221.37,21001.13,21205.05
21-Jan-14,21237.96,21302.52,21189.2,21251.12
22-Jan-14,21251.65,21377.91,21168.43,21337.67
23-Jan-14,21319.69,21409.66,21264.71,21373.66
24-Jan-14,21289.15,21333.66,21123.99,21133.56
27-Jan-14,20899.03,20899.03,20688.03,20707.45
28-Jan-14,20721.17,20795.35,20554.28,20683.51
29-Jan-14,20784.04,20828.68,20613.62,20647.3
30-Jan-14,20491.74,20528.41,20343.78,20498.25
31-Jan-14,20544.64,20572.32,20448.43,20513.85
3-Feb-14,20479.03,20480.35,20182.2,20209.26
4-Feb-14,20050.99,20255.52,19963.12,20211.93
5-Feb-14,20241.12,20289.33,20076.1,20261.03
6-Feb-14,20286.09,20358.19,20079.82,20310.74
7-Feb-14,20441.04,20450.51,20282.3,20376.56
10-Feb-14,20429.16,20434.5,20312.21,20334.27
11-Feb-14,20400.94,20443.35,20349.51,20363.37
12-Feb-14,20449.83,20516.6,20427.23,20448.49
13-Feb-14,20478.67,20503.86,20164.67,20193.35
14-Feb-14,20265.13,20391.95,20149.01,20366.82
17-Feb-14,20438.87,20492.43,20338.95,20464.06
18-Feb-14,20457.56,20685.02,20436.48,20634.21
19-Feb-14,20643.85,20750.52,20629.56,20722.97
20-Feb-14,20661.07,20662.66,20522.04,20536.64
21-Feb-14,20600.58,20725.04,20599.91,20700.75
24-Feb-14,20695.48,20828.63,20637.3,20811.44
25-Feb-14,20877.72,20912.54,20777.73,20852.47
26-Feb-14,20869.61,21005.04,20860.02,20986.99
28-Feb-14,20995.39,21140.51,20989.66,21120.12
3-Mar-14,21079.27,21140,20920.98,20946.65
4-Mar-14,20947,21224.64,20940.39,21209.73
5-Mar-14,21280.36,21333.2,21176.16,21276.86
6-Mar-14,21336.32,21525.14,21329.88,21513.87
7-Mar-14,21539.44,21960.89,21539.44,21919.79
10-Mar-14,21819.19,22023.98,21805.22,21934.83
11-Mar-14,21918.83,22018.52,21772.11,21826.42
12-Mar-14,21793.32,21965.95,21768.14,21856.22
13-Mar-14,21736.61,21991.36,21720.13,21774.61
14-Mar-14,21648.05,21853.32,21573.48,21809.8
18-Mar-14,21849.65,22040.72,21785.38,21832.61
19-Mar-14,21872.68,21895.83,21782.01,21832.86
20-Mar-14,21797.61,21853.25,21704.66,21740.09
21-Mar-14,21823.52,21870.11,21729.9,21753.75
22-Mar-14,21752.44,21778.92,21725.52,21755.32
24-Mar-14,21827.5,22074.34,21827.5,22055.48
25-Mar-14,21948.31,22079.96,21916.87,22055.21
26-Mar-14,22134.71,22172.2,22020.58,22095.3
27-Mar-14,22116.23,22307.74,22094.29,22214.37
28-Mar-14,22273.44,22363.97,22185.11,22339.97
31-Mar-14,22423.14,22467.21,22253.78,22386.27
1-Apr-14,22455.23,22485.77,22295.65,22446.44
2-Apr-14,22550.58,22592.1,22473.46,22551.49
3-Apr-14,22598.19,22620.65,22369.28,22509.07
4-Apr-14,22522.46,22525.21,22339.4,22359.5
7-Apr-14,22355.56,22481.62,22197.51,22343.45
9-Apr-14,22389.21,22740.04,22379.95,22702.34
10-Apr-14,22729.46,22792.49,22644.43,22715.33
11-Apr-14,22642.05,22679.18,22526.89,22628.96
15-Apr-14,22698.09,22737.31,22416.24,22484.93
16-Apr-14,22486.73,22533.61,22247.39,22277.23
17-Apr-14,22327.76,22648.69,22312.19,22628.84
21-Apr-14,22644.75,22795.58,22636.75,22764.83
22-Apr-14,22771.24,22853.03,22727.63,22758.37
23-Apr-14,22783.65,22912.52,22780.13,22876.54
25-Apr-14,22892.5,22939.31,22656.64,22688.07
28-Apr-14,22717.59,22721.36,22597.19,22631.61
29-Apr-14,22654.28,22681.89,22443.56,22466.19
30-Apr-14,22517.63,22680.46,22284.96,22417.8
2-May-14,22493.59,22575.62,22386.95,22403.89
5-May-14,22412.8,22592.03,22354.45,22445.12
6-May-14,22512.23,22602.71,22475.65,22508.42
7-May-14,22488.96,22532.82,22286.26,22323.9
8-May-14,22382.14,22443.13,22277.04,22344.04
9-May-14,22374.98,23048.49,22317.18,22994.23
12-May-14,23031.11,23572.88,23008.65,23551
13-May-14,23729.78,24068.94,23729.25,23871.23
14-May-14,23897.88,23964.67,23753.36,23815.12
15-May-14,23809.42,23971.78,23742.75,23905.6
16-May-14,24271.54,25375.63,23873.16,24121.74
19-May-14,24340.32,24448.47,24107.99,24363.05
20-May-14,24555.31,24587.16,24299.53,24376.88
21-May-14,24404.48,24419.54,24156.47,24298.02
22-May-14,24415.42,24524.76,24326.48,24374.4
23-May-14,24535.14,24745.86,24470.78,24693.35
26-May-14,24913.89,25175.22,24433.9,24716.88
27-May-14,24748.1,24777.31,24422.33,24549.51
28-May-14,24591.61,24643.33,24488.81,24556.09
29-May-14,24523.13,24528.2,24206.5,24234.15
30-May-14,24300.99,24353.59,24163.62,24217.34
2-Jun-14,24368.96,24709.09,24270.2,24684.85
3-Jun-14,24729.22,24892.06,24626.97,24858.59
4-Jun-14,24909.03,24925.9,24773.93,24805.83
5-Jun-14,24828.38,25044.06,24644.88,25019.51
6-Jun-14,25204.95,25419.14,25129.76,25396.46
9-Jun-14,25543.6,25644.77,25496.84,25580.21
10-Jun-14,25706.35,25711.11,25347.33,25583.69
11-Jun-14,25650.62,25725.12,25400.15,25473.89
12-Jun-14,25597.21,25611.32,25409.69,25576.21
13-Jun-14,25677.05,25688.31,25171.61,25228.17
16-Jun-14,25239.5,25268.41,25063.93,25190.48
17-Jun-14,25189.46,25545.88,25104.5,25521.19
18-Jun-14,25565.19,25609.28,25114.3,25246.25
19-Jun-14,25327.09,25425.85,25069.66,25201.8
20-Jun-14,25237.54,25276.31,25056.18,25105.51
23-Jun-14,25108.09,25197.5,24878.66,25031.32
24-Jun-14,25115.83,25414.69,25115.83,25368.9
25-Jun-14,25421.49,25427.8,25274.39,25313.74
26-Jun-14,25217.69,25309.33,25021.23,25062.67
27-Jun-14,25132.08,25209.61,25032.94,25099.92
30-Jun-14,25179.55,25460.96,25179.55,25413.78
1-Jul-14,25469.94,25571.9,25466.77,25516.35
2-Jul-14,25660.57,25864.53,25660.16,25841.21
3-Jul-14,25875.75,25999.08,25793.7,25823.75
4-Jul-14,25844.8,25981.51,25659.33,25962.06
7-Jul-14,26039.67,26123.55,25992.73,26100.08
8-Jul-14,26166.92,26190.44,25495.04,25582.11
9-Jul-14,25615.28,25683.97,25364.77,25444.81
10-Jul-14,25513.74,25920.46,25117,25372.75
11-Jul-14,25488.86,25548.33,24978.33,25024.35
14-Jul-14,25093.16,25095.76,24892,25006.98
15-Jul-14,25100.9,25254.48,25020.32,25228.65
16-Jul-14,25322.17,25602.78,25246.75,25549.72
17-Jul-14,25540.92,25613.03,25494.46,25561.16
18-Jul-14,25558.48,25713.4,25441.24,25641.56
21-Jul-14,25776.54,25861.15,25677.71,25715.17
22-Jul-14,25784.48,26050.38,25780.39,26025.8
23-Jul-14,26130.26,26188.64,26000.4,26147.33
24-Jul-14,26188.5,26292.66,26077.7,26271.85
25-Jul-14,26257.14,26300.17,26007.31,26126.75
28-Jul-14,26173.47,26181.83,25900.25,25991.23
30-Jul-14,26005.14,26113.48,25850.04,26087.42
31-Jul-14,26105.89,26118.88,25853.69,25894.97
1-Aug-14,25753.92,25862.68,25459.13,25480.84
4-Aug-14,25631.68,25754.42,25531.38,25723.16
5-Aug-14,25817.84,25928.32,25562.36,25908.01
6-Aug-14,25892.55,25901.68,25621.85,25665.27
7-Aug-14,25668.71,25778.05,25526.05,25589.01
8-Aug-14,25406.87,25406.87,25232.82,25329.14
11-Aug-14,25476.87,25553.44,25437.05,25519.24
12-Aug-14,25703.78,25904.98,25645.79,25880.77
13-Aug-14,25861.47,25972.62,25791.79,25918.95
14-Aug-14,25948.3,26135,25945.35,26103.23
18-Aug-14,26123.69,26413.11,26075.28,26390.96
19-Aug-14,26482.56,26530.67,26387.84,26420.67
20-Aug-14,26496.29,26504.52,26277.61,26314.29
21-Aug-14,26322.66,26464.8,26262.52,26360.11
22-Aug-14,26419.53,26508.27,26383.16,26419.55
25-Aug-14,26490.31,26630.74,26401.64,26437.02
26-Aug-14,26349.87,26481.97,26314.89,26442.81
27-Aug-14,26553.24,26599.12,26492.5,26560.15
28-Aug-14,26620.18,26674.38,26573.69,26638.11
1-Sep-14,26733.18,26900.3,26732.39,26867.55
2-Sep-14,26888.21,27082.85,26886.22,27019.39
3-Sep-14,27128.06,27225.85,27067.02,27139.94
4-Sep-14,27164.95,27169.12,26972.39,27085.93
5-Sep-14,27127.26,27178.8,26920.56,27026.7
8-Sep-14,27145.12,27354.99,27144.56,27319.85
9-Sep-14,27316.43,27328.27,27177.09,27265.32
10-Sep-14,27230.94,27251.44,27018.11,27057.41
11-Sep-14,27143.22,27150.78,26904.5,26995.87
12-Sep-14,27048.15,27096.87,26965.91,27061.04
15-Sep-14,26998.07,26998.07,26790.91,26816.56
16-Sep-14,26854.9,26861.29,26464.03,26492.51
17-Sep-14,26627.21,26682.64,26511.71,26631.29
18-Sep-14,26573.89,27132.2,26503.08,27112.21
19-Sep-14,27139.39,27247.17,27047.68,27090.42
22-Sep-14,27008.12,27254.8,26918.93,27206.74
23-Sep-14,27244.98,27256.87,26744.07,26775.69
24-Sep-14,26817.94,26844.7,26560,26744.69
25-Sep-14,26808.66,26814.2,26349.55,26468.36
26-Sep-14,26429.3,26721.03,26220.49,26626.32
29-Sep-14,26694.41,26715.77,26518.01,26597.11
30-Sep-14,26610.71,26851.33,26481.31,26630.51
1-Oct-14,26681.47,26683.7,26548.22,26567.99
7-Oct-14,26487.51,26570.38,26250.24,26271.97
8-Oct-14,26229.67,26338.31,26150.09,26246.79
9-Oct-14,26394.37,26688.7,26394.21,26637.28
10-Oct-14,26551.74,26555.92,26261.61,26297.38
13-Oct-14,26275.07,26443.16,26092.69,26384.07
14-Oct-14,26537.42,26550.79,26212.01,26349.33
16-Oct-14,26260.35,26462.08,25933.98,25999.34
17-Oct-14,25950,26248.54,25910.77,26108.53
20-Oct-14,26434.16,26517.9,26368.94,26429.85
21-Oct-14,26552.45,26615.41,26407,26575.65
22-Oct-14,26782.57,26818.33,26712.21,26787.23
23-Oct-14,26889.51,26930.23,26827.68,26851.05
27-Oct-14,26959.57,26994.96,26726.84,26752.9
28-Oct-14,26788.73,26907.14,26764.15,26880.82
29-Oct-14,27017.44,27126.3,26971.16,27098.17
30-Oct-14,27098.94,27390.6,27088.65,27346.33
31-Oct-14,27439.06,27894.32,27438.28,27865.83
3-Nov-14,27943.04,27969.82,27785.4,27860.38
5-Nov-14,27907.19,28010.39,27857.65,27915.88
7-Nov-14,27902.71,27980.93,27739.56,27868.63
10-Nov-14,27919.45,28027.96,27764.75,27874.73
11-Nov-14,27911.25,27996.92,27790.4,27910.06
12-Nov-14,27958.64,28126.48,27958.64,28008.9
13-Nov-14,28048.56,28098.74,27822.7,27940.64
14-Nov-14,27949.54,28093.23,27912.9,28046.66
17-Nov-14,28018.68,28205.71,27921.34,28177.88
18-Nov-14,28209.03,28282.85,28119.95,28163.29
19-Nov-14,28193.9,28294.01,27963.51,28032.85
20-Nov-14,28100.84,28118.53,27915.23,28067.56
21-Nov-14,28100.1,28360.66,28038.4,28334.63
24-Nov-14,28413.01,28541.96,28394.48,28499.54
25-Nov-14,28520.76,28541.22,28217.5,28338.05
26-Nov-14,28321.58,28470.15,28261.31,28386.19
27-Nov-14,28397.8,28498.3,28307.58,28438.91
28-Nov-14,28490.71,28822.37,28483.99,28693.99
1-Dec-14,28748.22,28809.64,28538.44,28559.62
2-Dec-14,28522.46,28576.39,28386.46,28444.01
3-Dec-14,28472.32,28504.65,28370.73,28442.71
4-Dec-14,28616.93,28808.78,28448.95,28562.82
5-Dec-14,28604.5,28651.75,28409.05,28458.1
8-Dec-14,28433,28494.85,28097.12,28119.4
9-Dec-14,28134.22,28157.53,27763.82,27797.01
10-Dec-14,27711.96,27905.25,27710.03,27831.1
11-Dec-14,27796.34,27796.34,27539.47,27602.01
12-Dec-14,27598.96,27692.32,27320.05,27350.68
15-Dec-14,27136.28,27392.18,27105.04,27319.56
16-Dec-14,27181.18,27199.37,26736.23,26781.44
17-Dec-14,26724.01,26871.91,26469.42,26710.13
18-Dec-14,27053.86,27180.92,26900.57,27126.57
19-Dec-14,27292.55,27497.12,27292.14,27371.84
22-Dec-14,27479.87,27725.27,27382.32,27701.79
23-Dec-14,27733.12,27851.1,27475.13,27506.46
24-Dec-14,27530.26,27571.25,27146.52,27208.61
26-Dec-14,27215.19,27370.63,27091.38,27241.78
29-Dec-14,27266.49,27507.25,27266.49,27395.73
30-Dec-14,27478.3,27478.3,27312.29,27403.54
31-Dec-14,27358.3,27527.24,27346,27499.42
1-Jan-15,27485.77,27545.61,27395.34,27507.54
2-Jan-15,27521.28,27937.47,27519.26,27887.9
5-Jan-15,27978.43,28064.49,27786.85,27842.32
6-Jan-15,27694.23,27698.93,26937.06,26987.46
7-Jan-15,26983.43,27051.6,26776.12,26908.82
8-Jan-15,27178.77,27316.41,27101.94,27274.71
9-Jan-15,27404.19,27507.67,27119.63,27458.38
12-Jan-15,27523.86,27620.66,27323.74,27585.27
13-Jan-15,27611.56,27670.19,27324.58,27425.73
14-Jan-15,27432.14,27512.8,27203.25,27346.82
15-Jan-15,27831.16,28194.61,27703.7,28075.55
16-Jan-15,28056.61,28176.1,27945.31,28121.89
19-Jan-15,28249.84,28334.06,28197.36,28262.01
20-Jan-15,28324.85,28829.29,28324.85,28784.67
21-Jan-15,28843.09,28958.1,28792.57,28888.86
22-Jan-15,28957.79,29060.41,28892.23,29006.02
23-Jan-15,29189.45,29408.73,29165.56,29278.84
27-Jan-15,29451.65,29618.59,29286.09,29571.04
28-Jan-15,29565.72,29786.32,29417.67,29559.18
29-Jan-15,29516.49,29740.63,29378.3,29681.77
30-Jan-15,29801.6,29844.16,29070.48,29182.95
2-Feb-15,29143.63,29268.13,28958.52,29122.27
3-Feb-15,29217.4,29253.06,28900.41,29000.14
4-Feb-15,29129.85,29133.62,28824.68,28883.11
5-Feb-15,28912.38,29277.83,28753.29,28850.97
6-Feb-15,28892.21,28922.85,28647.14,28717.91
9-Feb-15,28566.5,28566.5,28183.32,28227.39
10-Feb-15,28122.48,28633.72,28044.49,28355.62
11-Feb-15,28450.26,28618.91,28424.39,28533.97
12-Feb-15,28650.25,28838.52,28406.25,28805.1
13-Feb-15,28888.99,29154.67,28835.7,29094.93
16-Feb-15,29170.77,29325.35,29083.4,29135.88
18-Feb-15,29136.07,29411.32,29126.91,29320.26
19-Feb-15,29434.91,29522.86,29108.15,29462.27
20-Feb-15,29446.21,29462.09,29178.26,29231.41
23-Feb-15,29316.58,29362.96,28913.16,28975.11
24-Feb-15,29016.55,29130.67,28875.94,29004.66
25-Feb-15,29115.32,29269.83,28967.61,29007.99
26-Feb-15,29051.9,29069.13,28693.82,28746.65
27-Feb-15,28865.12,29254.02,28837.06,29220.12
28-Feb-15,29411.33,29560.32,28882.02,29361.5
2-Mar-15,29533.42,29576.32,29259.77,29459.14
3-Mar-15,29500.19,29636.86,29364.87,29593.73
4-Mar-15,29937.27,30024.74,29289.05,29380.73
5-Mar-15,29436.77,29518.32,29162.47,29448.95
9-Mar-15,29316.54,29321.06,28799.76,28844.78
10-Mar-15,28924.06,28949.11,28584.49,28709.87
11-Mar-15,28725.75,28843.23,28608.18,28659.17
12-Mar-15,28798.61,28971.01,28772.71,28930.41
13-Mar-15,29134.93,29183.76,28448.48,28503.3
16-Mar-15,28546.31,28581.82,28384.09,28437.71
17-Mar-15,28595,28784.35,28435.45,28736.38
18-Mar-15,28766.87,28806.97,28546.76,28622.12
19-Mar-15,28805.22,28978.74,28411.7,28469.67
20-Mar-15,28465.44,28484.36,28209.66,28261.08
23-Mar-15,28317.29,28385.14,28163.9,28192.02
24-Mar-15,28209.33,28455.32,28130.09,28161.72
25-Mar-15,28216.09,28249.6,28031.42,28111.83
26-Mar-15,27937.62,27997.14,27384.87,27457.58
27-Mar-15,27649.78,27694.41,27248.45,27458.64
30-Mar-15,27655.79,28017.97,27624.76,27975.86
31-Mar-15,28069.85,28180.64,27868.21,27957.49
1-Apr-15,27954.86,28298.34,27889.02,28260.14
6-Apr-15,28351.94,28530.81,28221.99,28504.46
7-Apr-15,28582.33,28641.08,28274.36,28516.59
8-Apr-15,28601.49,28763.06,28566.61,28707.75
9-Apr-15,28858.42,28906.71,28622.44,28885.21
10-Apr-15,28889.27,28907.81,28756.75,28879.38
13-Apr-15,28955.13,29072.51,28843.94,29044.44
15-Apr-15,29087.25,29094.61,28721.63,28799.69
16-Apr-15,28876.23,28876.23,28497.7,28666.04
17-Apr-15,28682.97,28696.19,28403.76,28442.1
20-Apr-15,28525.65,28539.46,27802.37,27886.21
21-Apr-15,27860.51,27976.93,27598.21,27676.04
22-Apr-15,27756.68,27947.26,27385.48,27890.13
23-Apr-15,27977.27,28087.78,27621.18,27735.02
24-Apr-15,27804.58,27829.11,27344.7,27437.94
27-Apr-15,27565.49,27567.28,27141.55,27176.99
28-Apr-15,27215.61,27482.14,27073.25,27396.38
29-Apr-15,27395.71,27438.96,27176.54,27225.93
30-Apr-15,27242.05,27242.05,26897.54,27011.31
4-May-15,27204.63,27537.85,27159.45,27490.59
5-May-15,27561.32,27603.71,27338.23,27440.14
6-May-15,27473.36,27501.15,26677.64,26717.37
7-May-15,26721.34,26850.37,26423.99,26599.11
8-May-15,26814.38,27196.28,26814.38,27105.39
11-May-15,27249.42,27544.24,27231.28,27507.3
12-May-15,27502.91,27502.91,26837.39,26877.48
13-May-15,27023.71,27299.8,26750.01,27251.1
14-May-15,27290.17,27293.99,26948.62,27206.06
15-May-15,27233.9,27379.57,27159.76,27324
18-May-15,27416.97,27725.97,27370.28,27687.3
19-May-15,27663.08,27872.23,27574.07,27645.53
20-May-15,27749.3,27903.01,27743.99,27837.21
21-May-15,27885.36,27911.44,27712.73,27809.35
22-May-15,27849.54,28071.16,27828.61,27957.5
25-May-15,27893.25,27903.29,27614.32,27643.88
26-May-15,27633.66,27675.94,27473.54,27531.41
27-May-15,27447.4,27595.8,27363.72,27564.66
28-May-15,27619.31,27666.37,27354.35,27506.71
29-May-15,27553.03,27888.32,27467.23,27828.44
1-Jun-15,27770.79,27959.43,27737.58,27848.99
2-Jun-15,27890.73,27902.53,27146.68,27188.38
3-Jun-15,27230.68,27276.22,26698.26,26837.2
4-Jun-15,26940.64,26948.84,26551.97,26813.42
5-Jun-15,26819.82,27014.42,26718.44,26768.49
8-Jun-15,26814.31,26827.06,26472.87,26523.09
9-Jun-15,26510.29,26604.65,26438.32,26481.25
10-Jun-15,26517.32,26934.74,26493.29,26840.5
11-Jun-15,26959.98,27000.14,26348.93,26370.98
12-Jun-15,26340.32,26489.58,26307.07,26425.3
15-Jun-15,26498.67,26728.6,26307.84,26586.55
16-Jun-15,26586.86,26731.35,26379.93,26686.51
17-Jun-15,26815.41,26983.48,26728.89,26832.66
18-Jun-15,26916.99,27175.39,26910.26,27115.83
19-Jun-15,27207.76,27404.6,27202.38,27316.17
22-Jun-15,27427.19,27782.31,27417.03,27730.21
23-Jun-15,27760.11,27882.66,27666.59,27804.37
24-Jun-15,27852.32,27948.24,27647.29,27729.67
25-Jun-15,27660.22,27968.75,27635.76,27895.97
26-Jun-15,27880.72,27921.86,27675.16,27811.84
29-Jun-15,27451.07,27695.32,27209.19,27645.15
30-Jun-15,27627.39,27814.53,27570.95,27780.83
1-Jul-15,27823.65,28099.25,27799.91,28020.87
2-Jul-15,28100.38,28115.96,27906.35,27945.8
3-Jul-15,27973.12,28135.43,27897.45,28092.79
6-Jul-15,27857.2,28235.31,27774.8,28208.76
7-Jul-15,28220.11,28335.23,28084.36,28171.69
8-Jul-15,28031.45,28031.45,27635.72,27687.72
9-Jul-15,27681.49,27798.13,27540.6,27573.66
10-Jul-15,27705.36,27729.46,27530.9,27661.4
13-Jul-15,27739.32,28005.17,27635.06,27961.19
14-Jul-15,27986.92,28018.59,27853.96,27932.9
15-Jul-15,28022.14,28218.37,27986.48,28198.29
16-Jul-15,28259.7,28478.43,28245.81,28446.12
17-Jul-15,28480.92,28576.32,28417.46,28463.31
20-Jul-15,28544.28,28549.13,28319.83,28420.12
21-Jul-15,28381.82,28518.06,28138.3,28182.14
22-Jul-15,28159.42,28546.42,28070.91,28504.93
23-Jul-15,28540.97,28578.33,28315.37,28370.84
24-Jul-15,28390.5,28402.64,28083.76,28112.31
27-Jul-15,28117.65,28117.65,27529.57,27561.38
28-Jul-15,27630.21,27676.65,27416.39,27459.23
29-Jul-15,27540.46,27609.29,27470.09,27563.43
30-Jul-15,27685.82,27854.46,27649.97,27705.35
31-Jul-15,27814.51,28161.17,27814.51,28114.56
3-Aug-15,28089.09,28263.35,28071.37,28187.06
4-Aug-15,28225.04,28264.72,27866.12,28071.93
5-Aug-15,28138.04,28315.71,28135.68,28223.08
6-Aug-15,28291.88,28359.96,28163.69,28298.13
7-Aug-15,28327.11,28335.67,28193.93,28236.39
10-Aug-15,28250.78,28417.59,28017.85,28101.72
11-Aug-15,28193.26,28205.12,27825.83,27866.09
12-Aug-15,27880.76,27883.33,27479.43,27512.26
13-Aug-15,27635.25,27791.1,27496.29,27549.53
14-Aug-15,27668.06,28100.64,27643.2,28067.31
17-Aug-15,28093.54,28095.97,27739.13,27878.27
18-Aug-15,27949.13,28040.73,27747.4,27831.54
19-Aug-15,27851.81,28021.39,27721.25,27931.64
20-Aug-15,27959.19,27964.6,27564.16,27607.82
21-Aug-15,27440.1,27442.82,27131.44,27366.07
24-Aug-15,26730.4,26730.4,25624.72,25741.56
25-Aug-15,25916.26,26124.83,25298.42,26032.38
26-Aug-15,26063.27,26156.61,25657.56,25714.66
27-Aug-15,26137.03,26302.77,25943.75,26231.19
28-Aug-15,26542.84,26687.33,26270.17,26392.38
31-Aug-15,26469.42,26504.73,26215.16,26283.09
1-Sep-15,26127.04,26141.07,25579.88,25696.44
2-Sep-15,25891.95,25939.37,25395.09,25453.56
3-Sep-15,25614.69,25835.41,25555.77,25764.78
4-Sep-15,25772.58,25775.38,25119.06,25201.9
7-Sep-15,25302.98,25387.32,24851.77,24893.81
8-Sep-15,24972.01,25411,24833.54,25317.87
9-Sep-15,25682.87,25820.56,25553.61,25719.58
10-Sep-15,25522.96,25733.7,25287.5,25622.17
11-Sep-15,25793.77,25875.96,25530.41,25610.21
14-Sep-15,25706.87,25891.73,25531.07,25856.7
15-Sep-15,25908.34,25909.83,25649.37,25705.93
16-Sep-15,25884.05,26006.75,25816.5,25963.97
18-Sep-15,26130.36,26471.82,26130.36,26218.91
21-Sep-15,26107.98,26233.46,25972.54,26192.98
22-Sep-15,26274.37,26339.1,25571.34,25651.84
23-Sep-15,25526.53,25934.02,25386.48,25822.99
24-Sep-15,25798.05,25949.9,25670.96,25863.5
28-Sep-15,25922.71,25936.89,25593.56,25616.84
29-Sep-15,25496.38,26054.37,25287.33,25778.66
30-Sep-15,25986.52,26179.7,25918.21,26154.83
1-Oct-15,26344.19,26431.8,26168.71,26220.95
5-Oct-15,26379.42,26822.42,26375.31,26785.55
6-Oct-15,26976.66,27010.27,26751.25,26932.88
7-Oct-15,26966.86,27082.28,26877.51,27035.85
8-Oct-15,27116.86,27120.11,26762.36,26845.81
9-Oct-15,26974.92,27200.44,26910.59,27079.51
12-Oct-15,27242.6,27305.04,26855.75,26904.11
13-Oct-15,26874.29,26918.52,26719.1,26846.53
14-Oct-15,26760.32,26869.08,26713.28,26779.66
15-Oct-15,26842.19,27037.95,26836.77,27010.14
16-Oct-15,27062.8,27239.22,26917.12,27214.6
19-Oct-15,27305.62,27387.91,27246.79,27364.92
20-Oct-15,27402.9,27432.07,27216.4,27306.83
21-Oct-15,27312.35,27445.24,27190.55,27287.66
23-Oct-15,27466.64,27555.06,27421.71,27470.81
26-Oct-15,27575.04,27618.14,27318.2,27361.96
27-Oct-15,27291.06,27296.3,27209.52,27253.44
28-Oct-15,27131.71,27163.98,26919.96,27039.76
29-Oct-15,27083.7,27099.11,26794.1,26838.14
30-Oct-15,26878.48,26942.29,26585.2,26656.83
2-Nov-15,26641.69,26824.3,26378.26,26559.15
3-Nov-15,26660.71,26732.24,26514.48,26590.59
4-Nov-15,26704.02,26800.06,26510.31,26552.92
5-Nov-15,26557.8,26557.8,26243.2,26304.2
6-Nov-15,26284.01,26438.86,26190.18,26265.24
9-Nov-15,25809,26193.17,25656.9,26121.4
10-Nov-15,26094.09,26094.09,25709.23,25743.26
11-Nov-15,25934.9,25944.93,25853.42,25866.95
13-Nov-15,25724.09,25724.09,25540.73,25610.53
16-Nov-15,25580.15,25866.42,25451.42,25760.1
17-Nov-15,25897.88,25948.2,25732.79,25864.47
18-Nov-15,25837.71,25890.36,25453.32,25482.52
19-Nov-15,25640.34,25884.52,25603.1,25841.92
20-Nov-15,25856.13,26058.76,25769.81,25868.49
23-Nov-15,25945.14,25958.04,25747.01,25819.34
24-Nov-15,25785.61,25901.56,25703.86,25775.74
26-Nov-15,25769.81,26016.04,25769.81,25958.63
27-Nov-15,26003.2,26184.65,25937.32,26128.2
30-Nov-15,26142.53,26231.06,26089.13,26145.67
1-Dec-15,26201.27,26246.02,26121.52,26169.41
2-Dec-15,26239.39,26256.42,26041.68,26117.85
3-Dec-15,26123.86,26123.86,25857.35,25886.62
4-Dec-15,25810.06,25810.06,25623.71,25638.11
7-Dec-15,25746.03,25785.53,25477.69,25530.11
8-Dec-15,25488.42,25542.47,25256.79,25310.33
9-Dec-15,25299.34,25316.95,25012.22,25036.05
10-Dec-15,25136.71,25289.58,25034.14,25252.32
11-Dec-15,25281.77,25316.14,24930.43,25044.43
14-Dec-15,24935.6,25194.15,24867.73,25150.35
15-Dec-15,25186.68,25342.78,25075.54,25320.44
16-Dec-15,25402.47,25572.9,25372.47,25494.37
17-Dec-15,25596.63,25831.31,25448.32,25803.78
18-Dec-15,25764.67,25789.51,25481.51,25519.22
21-Dec-15,25425.32,25757.84,25413.54,25735.9
22-Dec-15,25731.07,25787.21,25485.17,25590.65
23-Dec-15,25697.66,25875.27,25689.7,25850.3
24-Dec-15,25893.84,25922.47,25763.4,25838.71
28-Dec-15,25858.52,26073.41,25856.86,26034.13
29-Dec-15,26075.68,26133.78,25994.45,26079.48
30-Dec-15,26123.87,26130.2,25939.25,25960.03
31-Dec-15,25980.86,26147.63,25941.91,26117.54
1-Jan-16,26101.5,26197.27,26008.2,26160.9
4-Jan-16,26116.52,26116.52,25596.57,25623.35
5-Jan-16,25744.7,25766.76,25513.75,25580.34
6-Jan-16,25628.23,25632.57,25357.7,25406.33
7-Jan-16,25224.7,25230.35,24825.7,24851.83
8-Jan-16,24969.02,25083.55,24887.22,24934.33
11-Jan-16,24787.11,24961.88,24598.9,24825.04
12-Jan-16,24862.93,24882.3,24597.11,24682.03
13-Jan-16,24804.64,24956.54,24387.69,24854.11
14-Jan-16,24606.2,25018.46,24473.22,24772.97
15-Jan-16,24881.76,24912.64,24421.53,24455.04
18-Jan-16,24400.78,24524.85,24141.99,24188.37
19-Jan-16,24257.28,24563.34,24247.23,24479.84
20-Jan-16,24325.77,24325.77,23839.76,24062.04
21-Jan-16,24194.75,24351.83,23862,23962.21
22-Jan-16,24122.06,24472.88,24120.04,24435.66
25-Jan-16,24540.97,24650.57,24433.67,24485.95
27-Jan-16,24643.13,24645.7,24458.13,24492.39
28-Jan-16,24481.86,24587.2,24400.52,24469.57
29-Jan-16,24347.31,24911.9,24340.06,24870.69
1-Feb-16,24982.22,25002.32,24788.58,24824.83
2-Feb-16,24868.21,24928.75,24460.53,24539
3-Feb-16,24393.59,24409.26,24187.54,24223.32
4-Feb-16,24386.45,24514.01,24224.74,24338.43
5-Feb-16,24360.36,24672.9,24345.79,24616.97
8-Feb-16,24637.41,24698.95,24196.84,24287.42
9-Feb-16,24076.85,24111.19,23919.47,24020.98
10-Feb-16,23938.32,23938.32,23636.72,23758.9
11-Feb-16,23758.46,23758.46,22909.12,22951.83
12-Feb-16,23060.39,23161.15,22600.39,22986.12
15-Feb-16,23223.43,23622.64,23197.67,23554.12
16-Feb-16,23688.61,23692.08,23164.54,23191.97
17-Feb-16,23237.23,23434.91,22920.84,23381.87
18-Feb-16,23536.47,23735.35,23448.21,23649.22
19-Feb-16,23640.32,23774.48,23508.36,23709.15
22-Feb-16,23783.47,23855.04,23674.86,23788.79
23-Feb-16,23850.41,23851.51,23361.94,23410.18
24-Feb-16,23332.94,23338.89,23057.45,23088.93
25-Feb-16,23105.16,23142.96,22948.1,22976
26-Feb-16,23141.08,23227.91,23021.94,23154.3
29-Feb-16,23238.5,23343.22,22494.61,23002
1-Mar-16,23153.32,23821.49,23133.18,23779.35
2-Mar-16,24044.96,24280.42,24043.89,24242.98
3-Mar-16,24386.67,24640.51,24383.28,24606.99
4-Mar-16,24704.59,24719.05,24531.8,24646.48
8-Mar-16,24655.19,24793.62,24509.21,24659.23
9-Mar-16,24527.27,24820.76,24451.6,24793.96
10-Mar-16,24815.7,24817.48,24471.39,24623.34
11-Mar-16,24620.39,24817.8,24552.26,24717.99
14-Mar-16,24801.7,24960.51,24734.04,24804.28
15-Mar-16,24832.04,24840.77,24517.28,24551.17
16-Mar-16,24537.61,24706.85,24354.55,24682.48
17-Mar-16,24852.18,24948.3,24576.52,24677.37
18-Mar-16,24729.41,24986.94,24681.64,24952.74
21-Mar-16,25007.56,25327.45,24988.27,25285.37
22-Mar-16,25331.01,25381.33,25083.7,25330.49
23-Mar-16,25322.1,25367.81,25156.82,25337.56
28-Mar-16,25417.11,25432.94,24895.49,24966.4
29-Mar-16,24957.24,25079.35,24835.56,24900.46
30-Mar-16,25062.06,25358.84,25055.42,25338.58
31-Mar-16,25364.75,25479.62,25223.22,25341.86
1-Apr-16,25301.7,25354.94,25119.35,25269.64
4-Apr-16,25333.98,25424.15,25223.49,25399.65
5-Apr-16,25372.44,25372.44,24837.51,24883.59
6-Apr-16,24978.86,25000.65,24834.16,24900.63
7-Apr-16,24998.79,25013.13,24647.48,24685.42
8-Apr-16,24665.8,24736.03,24608.51,24673.84
11-Apr-16,24789.4,25049.92,24523.2,25022.16
12-Apr-16,25056.47,25180.02,24996.44,25145.59
13-Apr-16,25358.42,25671.5,25358.42,25626.75
18-Apr-16,25833.16,25870.03,25634.12,25816.36
20-Apr-16,25942.34,25956.34,25716.81,25844.18
21-Apr-16,25979.68,26080.07,25783.12,25880.38
22-Apr-16,25892.49,25922.02,25771.88,25838.14
25-Apr-16,25891.03,25891.03,25585.93,25678.93
26-Apr-16,25604.92,26055,25549.05,26007.3
27-Apr-16,25956.42,26092.93,25885.24,26064.12
28-Apr-16,26078.28,26100.54,25561.17,25603.1
29-Apr-16,25612.91,25755.43,25424.03,25606.62
2-May-16,25565.44,25565.44,25341.14,25436.97
3-May-16,25500.14,25705.96,25192.94,25229.7
4-May-16,25210.87,25245.7,25061.04,25101.73
5-May-16,25187.66,25394.1,25162.94,25262.21
6-May-16,25223.67,25260.48,25057.93,25228.5
9-May-16,25321.83,25709.68,25302.86,25688.86
10-May-16,25682.98,25809.93,25614.24,25772.53
11-May-16,25548.97,25762.49,25409.24,25597.02
12-May-16,25684.6,25827.03,25620.27,25790.22
13-May-16,25739.94,25743.69,25400.27,25489.57
16-May-16,25528.8,25688.46,25351.62,25653.23
17-May-16,25756.14,25927.31,25733.76,25773.61
18-May-16,25671.48,25747,25503.4,25704.61
19-May-16,25713.84,25714.56,25351.99,25399.72
20-May-16,25428.42,25506.06,25251.9,25301.9
23-May-16,25447.72,25519.26,25207.78,25230.36
24-May-16,25256.97,25340.47,25181.47,25305.47
25-May-16,25432.1,25897.87,25430.59,25881.17
26-May-16,26008.25,26398.94,25941.51,26366.68
27-May-16,26415.93,26677.43,26405.28,26653.6
30-May-16,26694.75,26794.96,26623.33,26725.6
31-May-16,26817.75,26837.2,26561.58,26667.96
1-Jun-16,26684.46,26857.25,26671.86,26713.93
2-Jun-16,26694.28,26885.16,26641.02,26843.14
3-Jun-16,26919.23,27008.14,26792.07,26843.03
6-Jun-16,26897.84,26901.42,26729.54,26777.45
7-Jun-16,26833.54,27082.63,26829.53,27009.67
8-Jun-16,27085.24,27105.41,26973.71,27020.66
9-Jun-16,26994.48,26994.91,26692.35,26763.46
10-Jun-16,26742.26,26972.06,26620.5,26635.75
13-Jun-16,26468.27,26468.27,26262.27,26396.77
14-Jun-16,26482.5,26485.45,26264.81,26395.71
15-Jun-16,26500.79,26752.59,26446.59,26726.34
16-Jun-16,26686.03,26686.03,26314.91,26525.46
17-Jun-16,26653.85,26730.55,26538.51,26625.91
20-Jun-16,26497.11,26885.49,26447.88,26866.92
21-Jun-16,26907.42,26925.64,26754.6,26812.78
22-Jun-16,26791.68,26887.29,26617.45,26765.65
23-Jun-16,26753.2,27060.98,26736.52,27002.22
24-Jun-16,26367.48,26435.85,25911.33,26397.71
27-Jun-16,26347.81,26493.51,26262.72,26402.96
28-Jun-16,26410.66,26583.33,26378.46,26524.55
29-Jun-16,26627.15,26776.17,26606.31,26740.39
30-Jun-16,26926.17,27069.23,26872.59,26999.72
1-Jul-16,27064.33,27243.36,27061.4,27144.91
4-Jul-16,27314.44,27385.66,27251.06,27278.76
5-Jul-16,27340.72,27348.66,27127.3,27166.87
7-Jul-16,27209.97,27288.22,27146.95,27201.49
8-Jul-16,27292.2,27294.82,27034.14,27126.9
11-Jul-16,27358.23,27647.48,27358.23,27626.69
12-Jul-16,27667.81,27828.74,27667.81,27808.14
13-Jul-16,27912.14,27928.76,27752.14,27815.18
14-Jul-16,27857.8,27967.77,27763.15,27942.11
15-Jul-16,27966.14,28048.7,27735.87,27836.5
18-Jul-16,27920.66,28013.5,27697.69,27746.66
19-Jul-16,27790.05,27826.69,27637.98,27787.62
20-Jul-16,27775.7,27935.18,27759.71,27915.89
21-Jul-16,27980.07,27988.76,27687.54,27710.52
22-Jul-16,27721.72,27832.45,27646.21,27803.24
25-Jul-16,27753.96,28110.37,27736.51,28095.34
26-Jul-16,28121.37,28149.53,27927.13,27976.52
27-Jul-16,27976.14,28210.88,27899.93,28024.33
28-Jul-16,28108.78,28240.2,28064.9,28208.62
29-Jul-16,28232.87,28233.47,28037.87,28051.86
1-Aug-16,28083.08,28284.85,27873.53,28003.12
2-Aug-16,28069.12,28175.22,27943.91,27981.71
3-Aug-16,28008.52,28015.43,27647.14,27697.51
4-Aug-16,27899.88,27921.91,27627.97,27714.37
5-Aug-16,27810.55,28110.37,27795.74,28078.35
8-Aug-16,28181.92,28226.38,28128.06,28182.57
9-Aug-16,28289.22,28289.96,27956.77,28085.16
10-Aug-16,28133.36,28143.28,27736.62,27774.88
11-Aug-16,27805.94,27902.39,27697.33,27859.6
12-Aug-16,27919.95,28203.27,27900.91,28152.4
16-Aug-16,28190.04,28199.1,27942.65,28064.61
17-Aug-16,28061.79,28174.3,27960.14,28005.37
18-Aug-16,28077.64,28214.17,28077,28123.44
19-Aug-16,28167.66,28212.3,28026.12,28077
22-Aug-16,28088.07,28143.28,27918.05,27985.54
23-Aug-16,28012.56,28028.98,27854.43,27990.21
24-Aug-16,28065.25,28108.39,27959.87,28059.94
25-Aug-16,28103.6,28154.21,27803.24,27835.91
26-Aug-16,27882.75,27935.88,27696.99,27782.25
29-Aug-16,27827.26,27952.85,27698.71,27902.66
30-Aug-16,28012.46,28478.02,28010.66,28343.01
31-Aug-16,28372.25,28532.25,28363.1,28452.17
1-Sep-16,28459.09,28548.85,28386.61,28423.48
2-Sep-16,28498.72,28581.58,28427.63,28532.11
6-Sep-16,28631.27,29013.4,28631.27,28978.02
7-Sep-16,29035.67,29067.84,28911.31,28926.36
8-Sep-16,28929.46,29077.28,28854.56,29045.28
9-Sep-16,29062.9,29062.9,28755.08,28797.25
12-Sep-16,28481.09,28481.11,28251.31,28353.54
14-Sep-16,28345.49,28416.41,28259.38,28372.23
15-Sep-16,28398.33,28454.02,28311.11,28412.89
16-Sep-16,28520.3,28778.64,28494.59,28599.03
19-Sep-16,28626.6,28714.77,28552.55,28634.5
20-Sep-16,28690.66,28698.81,28480.53,28523.2
21-Sep-16,28554.38,28689.36,28462.33,28507.42
22-Sep-16,28766.94,28871.92,28693.07,28773.13
23-Sep-16,28810.32,28825.09,28627.38,28668.22
26-Sep-16,28630.92,28630.92,28272.03,28294.28
27-Sep-16,28373.02,28432.74,28179.34,28223.7
28-Sep-16,28198.88,28378.56,28198.3,28292.81
29-Sep-16,28423.14,28475.57,27719.92,27827.53
30-Sep-16,27807.82,27955.21,27716.78,27865.96
3-Oct-16,27997.29,28273.02,27919.89,28243.29
4-Oct-16,28377.64,28404.7,28242.25,28334.55
5-Oct-16,28425.74,28477.65,28188.9,28220.98
6-Oct-16,28298.35,28328.56,28031.22,28106.21
7-Oct-16,28129.22,28155.68,27964.91,28061.14
10-Oct-16,28144.28,28216.64,28068.32,28082.34
13-Oct-16,28042.62,28042.62,27563.84,27643.11
14-Oct-16,27712.22,27763.54,27548.18,27673.6
17-Oct-16,27776.14,27803.21,27488.3,27529.97
18-Oct-16,27656.89,28064.39,27652.76,28050.88
19-Oct-16,28112.36,28131.07,27926.17,27984.37
20-Oct-16,28031.57,28212.5,28031.57,28129.84
21-Oct-16,28163.41,28163.41,27957.92,28077.18
24-Oct-16,28156.59,28256.65,28075.95,28179.08
25-Oct-16,28159.09,28211.41,28013.69,28091.42
26-Oct-16,28050.55,28050.55,27759.56,27836.51
27-Oct-16,27808.63,27958.13,27665.6,27915.9
28-Oct-16,27983.14,28000.14,27789.84,27941.51
30-Oct-16,28066.32,28095.71,27890.14,27930.21
1-Nov-16,27966.18,28029.8,27845.63,27876.61
2-Nov-16,27679.32,27679.32,27500.81,27527.22
3-Nov-16,27518.06,27600.74,27399.26,27430.28
4-Nov-16,27465.55,27498.91,27193.61,27274.15
7-Nov-16,27552.27,27591.15,27398.72,27458.99
8-Nov-16,27537.26,27646.84,27406.76,27591.14
9-Nov-16,26251.38,27397.38,25902.45,27252.53
10-Nov-16,27605.05,27743.46,27457.05,27517.68
11-Nov-16,27344.85,27344.85,26777.18,26818.82
15-Nov-16,26809.61,26809.61,26253.63,26304.63
16-Nov-16,26508.94,26621.4,26239.21,26298.69
17-Nov-16,26304.9,26449.87,26155.4,26227.62
18-Nov-16,26270.2,26349.02,26106.78,26150.24
21-Nov-16,26246.7,26270.28,25717.93,25765.14
22-Nov-16,25928.16,26039.7,25765.51,25960.78
23-Nov-16,26101.33,26130.49,25877.16,26051.81
24-Nov-16,26049.14,26049.14,25810.97,25860.17
25-Nov-16,25953.24,26343.95,25874.45,26316.34
28-Nov-16,26303.52,26413.99,26183.22,26350.17
29-Nov-16,26408.62,26587.07,26354.66,26394.01
30-Nov-16,26441.02,26680.55,26395.5,26652.81
1-Dec-16,26756.66,26769.32,26540.82,26559.92
2-Dec-16,26437.37,26463.06,26182.93,26230.66
5-Dec-16,26253.48,26390.8,26125.35,26349.1
6-Dec-16,26403.62,26502.43,26356.02,26392.76
7-Dec-16,26456.21,26540.83,26164.82,26236.87
8-Dec-16,26366.52,26733.87,26357.35,26694.28
9-Dec-16,26787.14,26803.76,26707.81,26747.18
12-Dec-16,26725.31,26725.31,26468.59,26515.24
13-Dec-16,26607.65,26724.97,26494.23,26697.82
14-Dec-16,26707.91,26736.34,26547.05,26602.84
15-Dec-16,26497.71,26737.86,26407.58,26519.07
16-Dec-16,26548.67,26594.55,26455.21,26489.56
19-Dec-16,26505.66,26505.66,26340.38,26374.7
20-Dec-16,26374.59,26435.56,26241.43,26307.98
21-Dec-16,26368.88,26396,26213.51,26242.38
22-Dec-16,26224.07,26248.45,25940.14,25979.6
23-Dec-16,25959.99,26143.19,25872.38,26040.7
26-Dec-16,25992.41,26008.57,25753.74,25807.1
27-Dec-16,25815.43,26249.03,25803.19,26213.44
28-Dec-16,26243.19,26415.05,26191.72,26210.68
29-Dec-16,26429.41,26429.63,26166.67,26366.15
30-Dec-16,26441.51,26678.6,26406.53,26626.46
